level	page_num	block_num	par_num	line_num	word_num	left	top	width	height	conf	text
1	1	0	0	0	0	0	0	1280	720	-1	
2	1	1	0	0	0	486	0	147	15	-1	
3	1	1	1	0	0	486	0	147	15	-1	
4	1	1	1	1	0	486	0	147	15	-1	
5	1	1	1	1	1	486	0	8	9	59.374069	2
5	1	1	1	1	2	506	4	11	3	39.882488	T
5	1	1	1	1	3	532	0	101	15	42.332031	BT
2	1	2	0	0	0	388	5	52	17	-1	
3	1	2	1	0	0	388	5	52	17	-1	
4	1	2	1	1	0	388	5	52	17	-1	
5	1	2	1	1	1	388	5	52	17	13.559082	=]
2	1	3	0	0	0	457	23	39	20	-1	
3	1	3	1	0	0	457	23	39	20	-1	
4	1	3	1	1	0	457	23	39	20	-1	
5	1	3	1	1	1	457	23	39	20	0.000000	A
2	1	4	0	0	0	1076	13	167	25	-1	
3	1	4	1	0	0	1076	13	167	25	-1	
4	1	4	1	1	0	1076	13	167	25	-1	
5	1	4	1	1	1	1076	30	30	8	34.133507	B
5	1	4	1	1	2	1151	13	92	23	23.137810	T
5	1	4	1	1	3	1220	9	25	37	74.413200	<
2	1	5	0	0	0	858	60	109	22	-1	
3	1	5	1	0	0	858	60	109	22	-1	
4	1	5	1	1	0	858	60	109	22	-1	
5	1	5	1	1	1	858	71	25	6	84.813881	~
5	1	5	1	1	2	903	60	64	22	1.061401	oy
2	1	6	0	0	0	1000	17	52	58	-1	
3	1	6	1	0	0	1000	17	52	58	-1	
4	1	6	1	1	0	1000	17	52	58	-1	
5	1	6	1	1	1	1000	17	52	58	26.209396	¥
2	1	7	0	0	0	390	111	396	27	-1	
3	1	7	1	0	0	390	111	396	27	-1	
4	1	7	1	1	0	390	111	396	27	-1	
5	1	7	1	1	1	390	111	118	27	91.663101	What's
5	1	7	1	1	2	522	111	88	27	91.663101	that?
5	1	7	1	1	3	621	111	68	27	92.089699	You
5	1	7	1	1	4	703	111	83	27	92.260963	want
2	1	8	0	0	0	1094	87	93	43	-1	
3	1	8	1	0	0	1094	87	93	43	-1	
4	1	8	1	1	0	1094	87	93	43	-1	
5	1	8	1	1	1	1094	87	93	43	66.179497	\'©
2	1	9	0	0	0	13	139	92	40	-1	
3	1	9	1	0	0	13	139	92	40	-1	
4	1	9	1	1	0	13	139	92	40	-1	
5	1	9	1	1	1	13	135	36	48	0.000000	bx
5	1	9	1	1	2	73	139	32	40	14.296379	LJ
2	1	10	0	0	0	282	202	44	28	-1	
3	1	10	1	0	0	282	202	44	28	-1	
4	1	10	1	1	0	282	202	44	28	-1	
5	1	10	1	1	1	282	202	44	28	0.000000	/N
2	1	11	0	0	0	391	165	423	32	-1	
3	1	11	1	0	0	391	165	423	32	-1	
4	1	11	1	1	0	391	165	423	32	-1	
5	1	11	1	1	1	391	166	34	26	92.887230	to
5	1	11	1	1	2	440	165	90	27	92.689240	know
5	1	11	1	1	3	542	165	107	27	92.040092	where
5	1	11	1	1	4	662	170	61	27	90.533394	you
5	1	11	1	1	5	738	165	76	27	90.247231	are?
2	1	12	0	0	0	4	224	54	33	-1	
3	1	12	1	0	0	4	224	54	33	-1	
4	1	12	1	1	0	4	224	54	33	-1	
5	1	12	1	1	1	4	224	54	33	58.022633	s
2	1	13	0	0	0	264	244	175	44	-1	
3	1	13	1	0	0	264	244	175	44	-1	
4	1	13	1	1	0	264	244	175	44	-1	
5	1	13	1	1	1	264	268	12	5	44.953697	-
5	1	13	1	1	2	294	254	14	34	47.811626	A
5	1	13	1	1	3	324	240	10	52	47.811626	4
5	1	13	1	1	4	351	244	88	32	37.782944	D
2	1	14	0	0	0	65	222	94	87	-1	
3	1	14	1	0	0	65	222	94	87	-1	
4	1	14	1	1	0	65	222	94	87	-1	
5	1	14	1	1	1	65	222	94	87	32.728081	M|
2	1	15	0	0	0	170	311	109	14	-1	
3	1	15	1	0	0	170	311	109	14	-1	
4	1	15	1	1	0	170	311	109	14	-1	
5	1	15	1	1	1	170	319	10	6	57.288704	>
5	1	15	1	1	2	189	304	12	28	35.844353	o
2	1	16	0	0	0	451	262	82	40	-1	
3	1	16	1	0	0	451	262	82	40	-1	
4	1	16	1	1	0	451	262	82	40	-1	
5	1	16	1	1	1	451	262	82	40	20.846336	Y
2	1	17	0	0	0	974	246	304	75	-1	
3	1	17	1	0	0	974	246	304	75	-1	
4	1	17	1	1	0	974	246	304	75	-1	
5	1	17	1	1	1	974	246	304	75	30.783859	TN
2	1	18	0	0	0	973	325	298	15	-1	
3	1	18	1	0	0	973	325	298	15	-1	
4	1	18	1	1	0	973	325	298	15	-1	
5	1	18	1	1	1	973	332	12	5	85.400093	-
5	1	18	1	1	2	1030	325	75	13	2.363022	T
5	1	18	1	1	3	1174	316	97	32	0.000000	————
2	1	19	0	0	0	645	445	38	12	-1	
3	1	19	1	0	0	645	445	38	12	-1	
4	1	19	1	1	0	645	445	38	12	-1	
5	1	19	1	1	1	645	447	9	3	0.000000	~
5	1	19	1	1	2	668	445	15	12	0.000000	3
2	1	20	0	0	0	603	458	90	67	-1	
3	1	20	1	0	0	603	458	90	67	-1	
4	1	20	1	1	0	603	458	90	67	-1	
5	1	20	1	1	1	603	458	90	67	95.973846	II
